"Tanggal","Terakhir","Pembukaan","Tertinggi","Terendah","Vol.","Perubahan%"
"29/11/2024","2.651,62","2.637,38","2.660,45","2.590,79","","0,56%"
"28/11/2024","2.636,83","2.668,93","2.674,49","2.633,54","","-1,67%"
"27/11/2024","2.681,56","2.739,69","2.743,99","2.680,34","","-2,16%"
"26/11/2024","2.740,73","2.743,48","2.754,81","2.729,69","","0,18%"
"25/11/2024","2.735,72","2.734,64","2.746,62","2.725,01","","0,01%"
"22/11/2024","2.735,50","2.734,98","2.741,69","2.720,63","","-0,08%"
"21/11/2024","2.737,56","2.750,74","2.763,38","2.728,74","","-0,35%"
"20/11/2024","2.747,27","2.740,92","2.748,72","2.740,06","","0,17%"
"19/11/2024","2.742,49","2.746,90","2.754,73","2.729,06","","-0,51%"
"18/11/2024","2.756,47","2.734,88","2.762,72","2.730,57","","0,81%"
"15/11/2024","2.734,41","2.742,66","2.753,89","2.734,22","","-0,11%"
"14/11/2024","2.737,48","2.719,95","2.751,40","2.718,46","","0,80%"
"13/11/2024","2.715,64","2.737,39","2.755,93","2.709,99","","-1,01%"
"12/11/2024","2.743,48","2.730,30","2.745,15","2.719,87","","0,77%"
"11/11/2024","2.722,49","2.721,05","2.733,59","2.694,46","","-0,27%"
"08/11/2024","2.729,76","2.763,09","2.763,62","2.704,78","","-1,21%"
"07/11/2024","2.763,09","2.787,12","2.792,08","2.747,74","","-0,82%"
"06/11/2024","2.785,94","2.734,84","2.793,52","2.699,08","","1,87%"
"05/11/2024","2.734,84","2.720,71","2.740,66","2.709,22","","0,58%"
"04/11/2024","2.718,99","2.677,86","2.736,18","2.677,00","","1,55%"
"01/11/2024","2.677,45","2.710,31","2.727,11","2.674,48","","-1,22%"
"31/10/2024","2.710,41","2.722,63","2.726,89","2.707,09","","-0,43%"
"30/10/2024","2.722,02","2.734,63","2.735,72","2.708,30","","-0,46%"
"29/10/2024","2.734,58","2.752,78","2.765,15","2.731,31","","-0,65%"
"28/10/2024","2.752,53","2.739,19","2.764,49","2.739,19","","0,50%"
"25/10/2024","2.738,75","2.748,61","2.760,00","2.736,17","","-0,39%"
"24/10/2024","2.749,34","2.743,66","2.751,28","2.722,19","","0,17%"
"23/10/2024","2.744,58","2.733,31","2.746,74","2.723,51","","0,40%"
"22/10/2024","2.733,55","2.720,03","2.741,11","2.719,50","","0,49%"
"21/10/2024","2.720,12","2.716,95","2.723,98","2.700,35","","0,16%"
"18/10/2024","2.715,76","2.738,83","2.746,15","2.710,62","","-0,84%"
"17/10/2024","2.738,88","2.736,64","2.740,64","2.722,32","","0,08%"
"16/10/2024","2.736,64","2.756,05","2.756,30","2.719,60","","-0,70%"
"15/10/2024","2.755,81","2.779,81","2.790,87","2.748,66","","-0,86%"
"14/10/2024","2.779,76","2.774,96","2.795,20","2.751,64","","0,19%"
"11/10/2024","2.774,51","2.804,69","2.805,40","2.754,54","","-1,06%"
"10/10/2024","2.804,14","2.790,98","2.813,06","2.788,19","","0,48%"
"09/10/2024","2.790,83","2.825,60","2.825,60","2.788,19","","-1,23%"
"08/10/2024","2.825,60","2.854,05","2.855,09","2.823,05","","-1,02%"
"07/10/2024","2.854,72","2.837,04","2.891,85","2.837,04","","0,63%"
"04/10/2024","2.836,98","2.813,88","2.839,53","2.803,89","","0,82%"
"03/10/2024","2.813,78","2.804,12","2.837,99","2.796,42","","0,34%"
"02/10/2024","2.804,27","2.793,51","2.823,36","2.793,20","","0,36%"
"01/10/2024","2.794,33","2.776,86","2.798,03","2.773,11","","0,63%"
"30/09/2024","2.776,86","2.781,82","2.801,22","2.764,43","","-0,17%"
"27/09/2024","2.781,71","2.786,56","2.787,84","2.769,64","","-0,21%"
"26/09/2024","2.787,53","2.756,93","2.804,76","2.755,37","","1,17%"
"25/09/2024","2.755,22","2.782,05","2.785,12","2.745,59","","-0,96%"
"24/09/2024","2.782,05","2.743,87","2.787,06","2.739,26","","1,41%"
"23/09/2024","2.743,32","2.748,14","2.759,03","2.712,91","","-0,18%"
"20/09/2024","2.748,14","2.806,34","2.809,55","2.741,18","","-2,07%"
"19/09/2024","2.806,24","2.806,66","2.823,35","2.788,10","","-0,01%"
"18/09/2024","2.806,66","2.795,61","2.833,75","2.788,59","","0,39%"
"17/09/2024","2.795,66","2.793,35","2.798,31","2.778,73","","0,09%"
"16/09/2024","2.793,20","2.764,51","2.800,11","2.757,82","","0,98%"
"13/09/2024","2.766,15","2.739,93","2.776,43","2.734,04","","0,95%"
"12/09/2024","2.740,18","2.718,14","2.747,01","2.714,62","","0,80%"
"11/09/2024","2.718,38","2.728,17","2.745,82","2.712,78","","-0,36%"
"10/09/2024","2.728,22","2.766,78","2.773,34","2.722,64","","-1,37%"
"09/09/2024","2.765,99","2.743,05","2.771,05","2.738,63","","0,84%"
"06/09/2024","2.742,91","2.761,24","2.777,83","2.741,54","","-0,67%"
"05/09/2024","2.761,53","2.742,47","2.763,96","2.724,54","","0,69%"
"04/09/2024","2.742,47","2.748,65","2.754,43","2.731,96","","-0,22%"
"03/09/2024","2.748,41","2.763,04","2.782,81","2.745,01","","-0,49%"
"02/09/2024","2.762,06","2.754,27","2.770,31","2.741,61","","0,32%"
"30/08/2024","2.753,13","2.738,05","2.771,40","2.713,57","","0,54%"
"29/08/2024","2.738,29","2.770,34","2.775,13","2.720,88","","-1,16%"
"28/08/2024","2.770,44","2.810,69","2.816,80","2.767,86","","-1,44%"
"27/08/2024","2.811,00","2.806,59","2.828,81","2.804,14","","0,16%"
"26/08/2024","2.806,48","2.821,61","2.821,61","2.786,08","","-0,55%"
"23/08/2024","2.821,97","2.791,75","2.828,57","2.757,02","","1,09%"
"22/08/2024","2.791,60","2.821,32","2.849,96","2.786,26","","-1,05%"
"21/08/2024","2.821,32","2.816,21","2.835,68","2.808,67","","0,19%"
"20/08/2024","2.815,95","2.871,90","2.875,62","2.808,77","","-1,95%"
"19/08/2024","2.871,90","2.866,04","2.891,12","2.839,68","","0,27%"
"16/08/2024","2.864,16","2.861,42","2.884,86","2.855,95","","0,10%"
"15/08/2024","2.861,42","2.863,07","2.879,11","2.851,50","","-0,07%"
"14/08/2024","2.863,38","2.901,50","2.904,53","2.856,28","","-1,33%"
"13/08/2024","2.901,87","2.899,63","2.905,92","2.876,19","","0,04%"
"12/08/2024","2.900,69","2.889,76","2.914,52","2.887,35","","0,35%"
"09/08/2024","2.890,55","2.863,17","2.898,92","2.861,36","","0,96%"
"08/08/2024","2.863,17","2.844,42","2.865,90","2.809,46","","0,66%"
"07/08/2024","2.844,42","2.853,66","2.863,73","2.841,29","","-0,32%"
"06/08/2024","2.853,51","2.826,65","2.869,57","2.823,15","","0,96%"
"05/08/2024","2.826,30","2.822,53","2.831,89","2.757,99","","-0,02%"
"02/08/2024","2.826,94","2.822,95","2.841,63","2.794,60","","0,14%"
"01/08/2024","2.822,95","2.876,23","2.881,24","2.820,74","","-1,86%"
"31/07/2024","2.876,48","2.903,13","2.906,88","2.859,23","","-0,91%"
"30/07/2024","2.903,03","2.897,45","2.907,61","2.876,69","","0,19%"
"29/07/2024","2.897,51","2.873,60","2.899,26","2.869,19","","0,64%"
"26/07/2024","2.879,04","2.877,77","2.898,46","2.870,56","","0,05%"
"25/07/2024","2.877,51","2.866,44","2.891,34","2.854,46","","0,38%"
"24/07/2024","2.866,69","2.900,22","2.905,43","2.862,09","","-1,15%"
"23/07/2024","2.900,17","2.906,23","2.915,20","2.889,62","","-0,21%"
"22/07/2024","2.906,23","2.884,84","2.929,17","2.884,84","","0,50%"
"19/07/2024","2.891,88","2.911,06","2.931,27","2.885,08","","-0,67%"
"18/07/2024","2.911,48","2.936,08","2.946,92","2.888,93","","-0,82%"
"17/07/2024","2.935,44","2.979,32","2.981,40","2.932,33","","-1,46%"
"16/07/2024","2.979,04","2.967,85","2.992,16","2.960,23","","0,36%"
"15/07/2024","2.968,34","2.971,56","2.980,77","2.951,00","","-0,11%"
"12/07/2024","2.971,73","2.976,60","2.979,69","2.951,40","","-0,17%"
"11/07/2024","2.976,76","2.997,99","3.014,62","2.968,03","","-0,68%"
"10/07/2024","2.997,27","2.995,02","3.022,32","2.991,14","","0,06%"
"09/07/2024","2.995,57","2.970,53","3.002,50","2.965,01","","0,85%"
"08/07/2024","2.970,26","2.980,44","2.981,36","2.956,59","","-0,35%"
"05/07/2024","2.980,66","2.971,60","2.982,57","2.940,06","","0,24%"
"04/07/2024","2.973,43","2.944,83","2.986,21","2.933,98","","0,97%"
"03/07/2024","2.944,78","2.886,12","2.953,60","2.881,85","","2,02%"
"02/07/2024","2.886,38","2.882,48","2.912,02","2.874,18","","0,14%"
"01/07/2024","2.882,48","2.922,66","2.931,67","2.880,75","","-1,50%"
"28/06/2024","2.926,35","2.979,34","2.984,83","2.923,21","","-1,78%"
"27/06/2024","2.979,34","2.971,07","2.989,93","2.959,33","","0,30%"
"26/06/2024","2.970,53","3.002,79","3.016,27","2.966,71","","-1,07%"
"25/06/2024","3.002,68","3.038,28","3.053,24","2.999,82","","-1,19%"
"24/06/2024","3.038,73","3.032,17","3.048,51","3.014,03","","0,36%"
"21/06/2024","3.027,88","3.014,15","3.032,34","3.008,74","","0,46%"
"20/06/2024","3.014,09","3.008,90","3.048,67","3.002,58","","0,17%"
"19/06/2024","3.008,90","3.015,62","3.016,34","2.983,22","","-0,22%"
"18/06/2024","3.015,51","3.025,02","3.040,28","3.010,91","","-0,31%"
"17/06/2024","3.024,74","3.049,15","3.051,60","3.018,11","","-0,80%"
"14/06/2024","3.049,27","3.032,08","3.068,10","3.030,78","","0,57%"
"13/06/2024","3.031,86","3.008,09","3.033,21","3.002,53","","0,75%"
"12/06/2024","3.009,25","3.033,83","3.052,39","2.999,61","","-0,80%"
"11/06/2024","3.033,55","3.039,10","3.052,31","3.029,88","","-0,18%"
"10/06/2024","3.039,10","3.035,48","3.061,80","3.019,42","","0,34%"
"07/06/2024","3.028,83","3.092,42","3.093,13","3.026,39","","-2,04%"
"06/06/2024","3.091,83","3.073,15","3.101,57","3.061,09","","0,61%"
"05/06/2024","3.073,21","3.066,90","3.095,00","3.064,87","","0,21%"
"04/06/2024","3.066,90","3.091,60","3.093,07","3.060,76","","-0,80%"
"03/06/2024","3.091,60","3.096,53","3.111,75","3.079,57","","-0,16%"
"31/05/2024","3.096,70","3.122,66","3.128,07","3.088,70","","-0,86%"
"30/05/2024","3.123,62","3.114,73","3.126,26","3.114,73","","0,63%"
"29/05/2024","3.104,16","3.115,98","3.132,15","3.097,74","","-0,38%"
"28/05/2024","3.115,98","3.105,18","3.132,30","3.104,22","","0,36%"
"27/05/2024","3.104,94","3.091,71","3.114,64","3.091,71","","0,33%"
"24/05/2024","3.094,82","3.107,87","3.116,59","3.088,54","","-0,43%"
"23/05/2024","3.108,05","3.103,95","3.119,39","3.097,94","","0,12%"
"22/05/2024","3.104,19","3.121,10","3.124,02","3.095,78","","-0,54%"
"21/05/2024","3.121,10","3.128,55","3.144,98","3.119,21","","-0,25%"
"20/05/2024","3.128,80","3.124,94","3.137,22","3.113,18","","0,15%"
"17/05/2024","3.124,02","3.107,21","3.126,78","3.103,66","","0,67%"
"16/05/2024","3.103,31","3.119,04","3.121,04","3.095,13","","-0,49%"
"15/05/2024","3.118,74","3.136,02","3.138,47","3.098,35","","-0,55%"
"14/05/2024","3.135,90","3.120,39","3.140,31","3.116,82","","0,50%"
"13/05/2024","3.120,27","3.108,71","3.137,38","3.108,71","","0,36%"
"10/05/2024","3.109,01","3.118,98","3.134,77","3.107,14","","-0,33%"
"09/05/2024","3.119,29","3.150,10","3.152,52","3.097,42","","-0,99%"
"08/05/2024","3.150,41","3.162,71","3.170,38","3.139,37","","-0,40%"
"07/05/2024","3.162,96","3.155,10","3.176,74","3.154,07","","0,25%"
"06/05/2024","3.155,16","3.169,85","3.169,85","3.146,05","","-0,46%"
"03/05/2024","3.169,85","3.165,66","3.187,82","3.142,18","","0,17%"
"02/05/2024","3.164,54","3.129,33","3.172,55","3.114,89","","1,13%"
"01/05/2024","3.129,33","3.129,33","3.130,05","3.125,84","","-0,01%"
"30/04/2024","3.129,63","3.174,14","3.180,62","3.127,22","","-1,39%"
"29/04/2024","3.173,83","3.166,52","3.184,46","3.166,52","","0,21%"
"26/04/2024","3.167,08","3.135,41","3.171,79","3.135,41","","0,99%"
"25/04/2024","3.135,90","3.137,57","3.167,01","3.115,92","","-0,03%"
"24/04/2024","3.136,71","3.162,85","3.163,29","3.122,16","","-0,83%"
"23/04/2024","3.162,85","3.140,42","3.167,92","3.124,10","","0,73%"
"22/04/2024","3.139,87","3.110,54","3.143,10","3.109,25","","0,55%"
"19/04/2024","3.122,84","3.080,65","3.133,56","3.078,70","","1,37%"
"18/04/2024","3.080,65","3.093,17","3.098,61","3.062,50","","-0,38%"
"17/04/2024","3.092,34","3.060,70","3.106,32","3.055,56","","1,03%"
"16/04/2024","3.060,70","3.054,67","3.124,10","3.051,44","","0,20%"
"15/04/2024","3.054,67","3.096,77","3.103,69","3.036,69","","-1,29%"
"12/04/2024","3.094,66","3.110,33","3.112,35","3.075,97","","-0,51%"
"11/04/2024","3.110,64","3.121,80","3.131,30","3.109,85","","-0,33%"
"10/04/2024","3.120,81","3.161,99","3.169,52","3.114,06","","-1,29%"
"09/04/2024","3.161,74","3.149,98","3.168,00","3.148,17","","0,36%"
"08/04/2024","3.150,48","3.126,05","3.152,05","3.120,26","","0,77%"
"05/04/2024","3.126,48","3.142,99","3.150,17","3.121,00","","-0,54%"
"04/04/2024","3.143,55","3.157,99","3.174,95","3.141,62","","-0,45%"
"03/04/2024","3.157,86","3.142,05","3.160,56","3.124,94","","0,50%"
"02/04/2024","3.142,17","3.142,06","3.164,88","3.138,95","","0,00%"
"01/04/2024","3.142,25","3.160,14","3.173,10","3.132,27","","-0,57%"
"29/03/2024","3.160,14","3.160,14","3.161,09","3.159,51","","-0,01%"
"28/03/2024","3.160,52","3.177,94","3.182,86","3.157,94","","-0,54%"
"27/03/2024","3.177,63","3.168,34","3.187,92","3.167,83","","0,31%"
"26/03/2024","3.167,77","3.174,49","3.179,00","3.160,35","","-0,20%"
"25/03/2024","3.174,17","3.153,17","3.176,60","3.152,17","","0,62%"
"22/03/2024","3.154,62","3.144,58","3.171,91","3.143,57","","0,33%"
"21/03/2024","3.144,33","3.161,41","3.163,19","3.138,85","","-0,53%"
"20/03/2024","3.161,22","3.122,21","3.163,83","3.119,60","","1,26%"
"19/03/2024","3.121,89","3.120,40","3.135,35","3.106,83","","0,04%"
"18/03/2024","3.120,59","3.120,12","3.147,01","3.116,18","","0,01%"
"15/03/2024","3.120,18","3.121,12","3.130,61","3.116,01","","-0,02%"
"14/03/2024","3.120,93","3.132,17","3.144,24","3.117,81","","-0,37%"
"13/03/2024","3.132,48","3.134,05","3.137,22","3.120,49","","-0,03%"
"12/03/2024","3.133,42","3.130,46","3.142,83","3.119,18","","0,10%"
"11/03/2024","3.130,34","3.126,69","3.141,95","3.116,25","","0,05%"
"08/03/2024","3.128,83","3.160,45","3.166,53","3.121,18","","-1,32%"
"07/03/2024","3.170,58","3.173,53","3.173,53","3.160,38","","-0,09%"
"06/03/2024","3.173,53","3.179,00","3.181,50","3.162,78","","-0,17%"
"05/03/2024","3.179,00","3.182,93","3.191,10","3.176,51","","-0,06%"
"04/03/2024","3.180,91","3.167,57","3.184,71","3.167,57","","0,42%"
"01/03/2024","3.167,57","3.160,14","3.173,01","3.153,10","","0,25%"
"29/02/2024","3.159,57","3.159,91","3.166,15","3.142,06","","0,12%"
"28/02/2024","3.155,88","3.168,70","3.179,64","3.150,24","","-0,40%"
"27/02/2024","3.168,70","3.137,17","3.172,11","3.136,35","","1,01%"
"26/02/2024","3.137,17","3.121,25","3.143,23","3.121,25","","0,54%"
"23/02/2024","3.120,43","3.141,19","3.143,06","3.118,94","","-0,66%"
"22/02/2024","3.141,19","3.164,80","3.170,67","3.138,02","","-0,78%"
"21/02/2024","3.166,02","3.176,62","3.181,69","3.159,17","","-0,33%"
"20/02/2024","3.176,62","3.152,93","3.178,68","3.152,18","","0,78%"
"19/02/2024","3.151,92","3.142,36","3.155,35","3.141,35","","0,27%"
"16/02/2024","3.143,43","3.139,20","3.151,26","3.129,13","","0,13%"
"15/02/2024","3.139,20","3.133,98","3.150,09","3.124,94","","0,07%"
"14/02/2024","3.136,88","3.147,08","3.147,08","3.130,33","","-0,32%"
"13/02/2024","3.147,08","3.147,08","3.151,32","3.141,02","","0,00%"
"12/02/2024","3.147,08","3.155,15","3.155,15","3.144,41","","-0,28%"
"09/02/2024","3.155,85","3.131,95","3.157,58","3.130,76","","0,81%"
"08/02/2024","3.130,38","3.143,48","3.146,01","3.124,44","","-0,47%"
"07/02/2024","3.145,19","3.165,60","3.166,61","3.141,39","","-0,71%"
"06/02/2024","3.167,62","3.155,58","3.175,87","3.151,43","","0,61%"
"05/02/2024","3.148,56","3.162,41","3.163,41","3.128,11","","-0,02%"
"02/02/2024","3.149,33","3.205,14","3.205,14","3.145,47","","-1,74%"
"01/02/2024","3.205,14","3.184,68","3.209,45","3.170,83","","0,64%"
"31/01/2024","3.184,68","3.186,89","3.202,53","3.175,71","","-0,03%"
"30/01/2024","3.185,66","3.186,40","3.197,93","3.166,36","","-0,18%"
"29/01/2024","3.191,45","3.212,82","3.221,57","3.187,20","","-0,76%"
"26/01/2024","3.215,87","3.218,10","3.226,04","3.213,12","","-0,04%"
"25/01/2024","3.217,08","3.181,68","3.223,83","3.181,68","","1,08%"
"24/01/2024","3.182,69","3.164,19","3.199,88","3.164,19","","0,92%"
"23/01/2024","3.153,70","3.137,21","3.157,65","3.123,13","","0,69%"
"22/01/2024","3.132,20","3.163,08","3.174,25","3.129,76","","-1,04%"
"19/01/2024","3.165,11","3.167,09","3.183,77","3.159,79","","-0,11%"
"18/01/2024","3.168,69","3.162,54","3.177,98","3.150,09","","0,03%"
"17/01/2024","3.167,61","3.170,41","3.176,04","3.155,21","","0,14%"
"16/01/2024","3.163,31","3.199,14","3.206,75","3.158,37","","-1,06%"
"15/01/2024","3.197,09","3.200,40","3.210,02","3.181,59","","-0,15%"
"12/01/2024","3.201,92","3.190,88","3.217,49","3.185,71","","0,33%"
"11/01/2024","3.191,40","3.180,75","3.199,09","3.175,04","","0,30%"
"10/01/2024","3.181,79","3.161,36","3.190,60","3.161,36","","0,58%"
"09/01/2024","3.163,29","3.187,85","3.188,26","3.159,68","","-0,72%"
"08/01/2024","3.186,20","3.177,11","3.191,05","3.166,05","","0,16%"
"05/01/2024","3.181,21","3.162,64","3.191,03","3.139,04","","0,62%"
"04/01/2024","3.161,62","3.153,96","3.162,92","3.136,20","","0,53%"
"03/01/2024","3.144,81","3.145,50","3.158,23","3.132,27","","0,14%"
"02/01/2024","3.140,42","3.174,64","3.189,12","3.140,42","","-0,98%"
"01/01/2024","3.171,55","3.171,55","3.171,55","3.171,55","","-0,03%"
"29/12/2023","3.172,53","3.177,68","3.184,89","3.172,53","","-0,13%"
"28/12/2023","3.176,65","3.183,71","3.199,13","3.163,80","","-0,58%"
"27/12/2023","3.195,10","3.200,42","3.212,14","3.185,47","","-0,62%"
"26/12/2023","3.214,95","3.190,11","3.215,69","3.183,87","","0,92%"
"22/12/2023","3.185,51","3.168,69","3.192,54","3.164,16","","0,27%"
"21/12/2023","3.176,88","3.154,56","3.191,05","3.153,55","","0,75%"
"20/12/2023","3.153,15","3.186,22","3.192,37","3.151,55","","-0,96%"
"19/12/2023","3.183,73","3.168,14","3.195,28","3.160,30","","0,56%"
"18/12/2023","3.166,09","3.134,23","3.170,24","3.130,55","","0,93%"
"15/12/2023","3.136,83","3.152,65","3.158,14","3.127,78","","-0,47%"
"14/12/2023","3.151,63","3.140,12","3.178,01","3.140,12","","-0,95%"
"13/12/2023","3.181,78","3.143,88","3.185,02","3.139,85","","1,15%"
"12/12/2023","3.145,59","3.162,20","3.171,85","3.139,01","","-0,46%"
"11/12/2023","3.160,17","3.146,69","3.170,03","3.146,61","","0,54%"
"08/12/2023","3.143,31","3.153,24","3.167,97","3.140,13","","-0,44%"
"07/12/2023","3.157,32","3.159,23","3.178,34","3.155,00","","-0,06%"
"06/12/2023","3.159,16","3.143,70","3.168,21","3.140,47","","0,51%"
"05/12/2023","3.143,00","3.124,12","3.148,17","3.119,53","","0,58%"
"04/12/2023","3.124,94","3.155,22","3.168,95","3.118,19","","-1,47%"
"01/12/2023","3.171,61","3.151,48","3.179,75","3.134,36","","0,67%"
"30/11/2023","3.150,46","3.136,66","3.160,74","3.134,54","","0,39%"
"29/11/2023","3.138,32","3.167,34","3.167,34","3.135,57","","-0,92%"
"28/11/2023","3.167,40","3.155,76","3.176,14","3.142,44","","0,14%"
"27/11/2023","3.162,90","3.166,16","3.178,94","3.146,46","","-0,30%"
"24/11/2023","3.172,27","3.168,26","3.186,11","3.168,26","","0,06%"
"23/11/2023","3.170,30","3.176,71","3.182,82","3.166,52","","-0,07%"
"22/11/2023","3.172,63","3.164,27","3.191,82","3.163,54","","0,75%"
"21/11/2023","3.148,97","3.168,70","3.187,07","3.143,39","","-0,98%"
"20/11/2023","3.180,03","3.138,44","3.185,15","3.132,32","","0,74%"
"17/11/2023","3.156,78","3.194,90","3.194,90","3.152,47","","-1,19%"
"16/11/2023","3.194,90","3.197,48","3.212,80","3.179,02","","0,05%"
"15/11/2023","3.193,37","3.181,00","3.195,59","3.176,89","","-0,95%"
"14/11/2023","3.224,15","3.197,58","3.236,05","3.195,54","","0,83%"
"13/11/2023","3.197,58","3.200,60","3.207,74","3.174,88","","-0,09%"
"10/11/2023","3.200,60","3.175,47","3.200,60","3.165,92","","0,92%"
"09/11/2023","3.171,42","3.183,47","3.198,97","3.162,70","","-0,44%"
"08/11/2023","3.185,51","3.203,10","3.213,36","3.181,04","","-0,64%"
"07/11/2023","3.206,18","3.182,43","3.215,48","3.174,25","","0,84%"
"06/11/2023","3.179,36","3.178,49","3.182,36","3.162,02","","-0,89%"
"03/11/2023","3.207,81","3.193,87","3.225,05","3.172,68","","0,28%"
"02/11/2023","3.198,92","3.215,06","3.215,06","3.194,88","","-0,49%"
"01/11/2023","3.214,67","3.153,30","3.217,27","3.153,30","","1,98%"
"31/10/2023","3.152,23","3.146,17","3.170,29","3.130,98","","0,17%"
"30/10/2023","3.146,98","3.177,53","3.194,76","3.138,83","","-0,93%"
"27/10/2023","3.176,39","3.191,17","3.231,33","3.173,67","","-0,47%"
"26/10/2023","3.191,36","3.177,46","3.191,55","3.169,94","","0,53%"
"25/10/2023","3.174,46","3.173,25","3.182,10","3.159,73","","0,03%"
"24/10/2023","3.173,57","3.176,66","3.176,66","3.148,78","","-0,11%"
"23/10/2023","3.176,98","3.152,94","3.188,68","3.151,15","","0,78%"
"20/10/2023","3.152,44","3.121,05","3.158,08","3.111,83","","0,98%"
"19/10/2023","3.121,85","3.107,52","3.149,72","3.107,52","","0,47%"
"18/10/2023","3.107,15","3.115,89","3.127,42","3.097,30","","-0,28%"
"17/10/2023","3.115,77","3.118,43","3.135,54","3.100,64","","-0,05%"
"16/10/2023","3.117,44","3.087,31","3.122,76","3.087,31","","1,02%"
"13/10/2023","3.085,95","3.113,49","3.115,47","3.072,22","","-0,66%"
"12/10/2023","3.106,56","3.106,56","3.109,73","3.105,57","","0,01%"
"11/10/2023","3.106,13","3.113,56","3.119,90","3.093,33","","-0,22%"
"10/10/2023","3.112,94","3.049,82","3.116,27","3.047,88","","1,97%"
"09/10/2023","3.052,74","3.033,78","3.062,34","3.026,06","","0,72%"
"06/10/2023","3.030,86","3.020,63","3.033,87","2.988,43","","0,34%"
"05/10/2023","3.020,63","3.030,45","3.031,07","3.008,11","","-0,34%"
"04/10/2023","3.030,92","3.013,91","3.049,79","3.013,62","","0,61%"
"03/10/2023","3.012,63","3.065,64","3.082,42","3.010,01","","-1,73%"
"02/10/2023","3.065,76","3.075,70","3.087,03","3.055,02","","-0,10%"
"29/09/2023","3.068,95","3.075,79","3.097,25","3.064,81","","-0,38%"
"28/09/2023","3.080,76","3.075,93","3.093,78","3.059,55","","0,19%"
"27/09/2023","3.075,02","3.102,40","3.115,66","3.053,59","","-0,89%"
"26/09/2023","3.102,58","3.098,21","3.126,64","3.097,02","","0,14%"
"25/09/2023","3.098,27","3.114,93","3.121,62","3.093,60","","-0,48%"
"22/09/2023","3.113,16","3.113,10","3.134,11","3.111,90","","0,02%"
"21/09/2023","3.112,53","3.149,52","3.156,69","3.110,96","","-1,14%"
"20/09/2023","3.148,29","3.158,12","3.174,95","3.147,39","","-0,31%"
"19/09/2023","3.158,12","3.164,26","3.176,65","3.152,62","","-0,18%"
"18/09/2023","3.163,74","3.152,60","3.173,47","3.149,28","","0,36%"
"15/09/2023","3.152,34","3.152,99","3.159,22","3.144,85","","0,01%"
"14/09/2023","3.152,08","3.124,75","3.156,55","3.118,46","","0,89%"
"13/09/2023","3.124,36","3.099,29","3.138,98","3.091,98","","0,82%"
"12/09/2023","3.099,04","3.106,75","3.112,50","3.085,51","","-0,24%"
"11/09/2023","3.106,43","3.073,16","3.113,13","3.071,80","","1,17%"
"08/09/2023","3.070,51","3.077,11","3.085,97","3.066,51","","-0,21%"
"07/09/2023","3.077,11","3.076,00","3.079,61","3.073,99","","0,23%"
"06/09/2023","3.069,97","3.071,35","3.086,08","3.060,45","","-0,04%"
"05/09/2023","3.071,29","3.083,63","3.093,08","3.059,77","","-0,41%"
"04/09/2023","3.083,82","3.079,22","3.104,50","3.077,20","","0,18%"
"01/09/2023","3.078,21","3.072,10","3.108,87","3.070,20","","0,23%"
"31/08/2023","3.071,17","3.110,88","3.129,82","3.068,32","","-1,37%"
"30/08/2023","3.113,95","3.142,70","3.145,71","3.113,50","","-0,88%"
"29/08/2023","3.141,73","3.132,89","3.146,46","3.111,04","","0,18%"
"28/08/2023","3.135,96","3.137,76","3.142,48","3.111,13","","-0,03%"
"25/08/2023","3.136,99","3.121,03","3.148,03","3.119,07","","0,53%"
"24/08/2023","3.120,58","3.147,32","3.147,45","3.117,20","","-0,85%"
"23/08/2023","3.147,45","3.100,95","3.155,11","3.092,51","","1,56%"
"22/08/2023","3.099,13","3.075,87","3.108,38","3.071,86","","0,75%"
"21/08/2023","3.076,18","3.074,94","3.090,58","3.065,41","","0,08%"
"18/08/2023","3.073,58","3.073,34","3.082,51","3.053,92","","0,14%"
"17/08/2023","3.069,32","3.061,88","3.081,45","3.057,41","","0,26%"
"16/08/2023","3.061,45","3.075,43","3.086,25","3.059,79","","-0,44%"
"15/08/2023","3.075,12","3.084,52","3.094,02","3.067,61","","-0,31%"
"14/08/2023","3.084,58","3.112,96","3.125,60","3.079,06","","-0,49%"
"11/08/2023","3.099,65","3.102,14","3.128,60","3.097,07","","-0,09%"
"10/08/2023","3.102,33","3.097,91","3.136,10","3.093,67","","0,18%"
"09/08/2023","3.096,84","3.103,96","3.116,09","3.089,09","","-0,24%"
"08/08/2023","3.104,28","3.104,53","3.111,26","3.078,28","","0,22%"
"07/08/2023","3.097,39","3.111,54","3.118,00","3.088,06","","-0,45%"
"04/08/2023","3.111,54","3.085,99","3.129,71","3.078,05","","0,85%"
"03/08/2023","3.085,37","3.151,68","3.159,91","3.083,30","","-2,12%"
"02/08/2023","3.152,34","3.151,53","3.172,71","3.145,28","","0,02%"
"01/08/2023","3.151,79","3.190,41","3.199,93","3.147,13","","-1,17%"
"31/07/2023","3.189,19","3.185,78","3.197,99","3.166,15","","0,07%"
"28/07/2023","3.186,84","3.161,57","3.213,37","3.159,90","","0,83%"
"27/07/2023","3.160,57","3.168,72","3.184,67","3.149,95","","-0,29%"
"26/07/2023","3.169,79","3.155,59","3.179,39","3.143,26","","0,51%"
"25/07/2023","3.153,86","3.177,09","3.178,27","3.148,50","","-0,69%"
"24/07/2023","3.175,74","3.143,44","3.199,83","3.138,98","","1,07%"
"21/07/2023","3.142,13","3.125,98","3.155,53","3.111,79","","0,62%"
"20/07/2023","3.122,85","3.128,00","3.142,50","3.113,31","","-0,15%"
"19/07/2023","3.127,54","3.115,78","3.136,51","3.107,77","","0,41%"
"18/07/2023","3.114,81","3.118,76","3.126,50","3.104,16","","-0,12%"
"17/07/2023","3.118,70","3.121,93","3.133,83","3.091,89","","-0,08%"
"14/07/2023","3.121,22","3.119,66","3.130,95","3.105,08","","0,08%"
"13/07/2023","3.118,88","3.127,20","3.127,98","3.097,90","","-0,29%"
"12/07/2023","3.127,98","3.118,24","3.151,46","3.100,32","","0,36%"
"11/07/2023","3.116,83","3.100,82","3.119,01","3.073,66","","0,54%"
"10/07/2023","3.100,13","3.107,94","3.129,38","3.097,28","","-0,15%"
"07/07/2023","3.104,86","3.068,42","3.120,87","3.064,61","","1,59%"
"06/07/2023","3.056,23","3.094,78","3.107,14","3.037,65","","-1,25%"
"05/07/2023","3.094,78","3.095,96","3.103,93","3.080,87","","-0,02%"
"04/07/2023","3.095,32","3.123,70","3.134,02","3.090,21","","-0,90%"
"03/07/2023","3.123,51","3.134,14","3.155,73","3.120,84","","-0,23%"
"30/06/2023","3.130,74","3.086,71","3.133,75","3.077,02","","1,42%"
"29/06/2023","3.087,03","3.089,38","3.104,29","3.074,24","","-0,05%"
"28/06/2023","3.088,62","3.114,74","3.116,29","3.076,64","","-0,85%"
"27/06/2023","3.115,19","3.142,56","3.155,13","3.112,93","","-1,00%"
"26/06/2023","3.146,75","3.133,09","3.154,55","3.133,09","","0,50%"
"23/06/2023","3.131,01","3.129,45","3.145,33","3.117,72","","0,00%"
"22/06/2023","3.131,09","3.130,44","3.143,28","3.118,47","","-0,15%"
"21/06/2023","3.135,69","3.129,70","3.139,09","3.101,26","","0,19%"
"20/06/2023","3.129,70","3.142,98","3.149,26","3.117,92","","-0,22%"
"19/06/2023","3.136,71","3.105,49","3.149,56","3.101,59","","1,30%"
"16/06/2023","3.096,55","3.105,25","3.106,71","3.077,53","","-0,27%"
"15/06/2023","3.104,80","3.093,71","3.115,55","3.083,59","","0,41%"
"14/06/2023","3.091,98","3.054,51","3.105,26","3.054,51","","1,27%"
"13/06/2023","3.053,19","3.056,76","3.064,09","3.043,81","","-0,08%"
"12/06/2023","3.055,73","3.050,45","3.056,67","3.031,91","","0,52%"
"09/06/2023","3.039,90","3.011,78","3.056,94","3.010,10","","0,53%"
"08/06/2023","3.023,96","3.020,00","3.028,03","3.019,26","","0,10%"
"07/06/2023","3.020,92","3.022,26","3.035,71","3.015,41","","-0,07%"
"06/06/2023","3.023,18","3.019,51","3.031,20","2.996,77","","0,12%"
"05/06/2023","3.019,51","2.998,83","3.030,09","2.990,70","","-0,09%"
"02/06/2023","3.022,33","2.987,20","3.030,03","2.987,20","","1,15%"
"01/06/2023","2.988,10","2.963,98","2.994,07","2.961,87","","0,86%"
"31/05/2023","2.962,52","2.977,79","2.981,16","2.921,96","","-0,38%"
"30/05/2023","2.973,82","2.982,50","2.996,42","2.954,17","","-0,29%"
"29/05/2023","2.982,50","2.993,35","3.008,58","2.980,30","","-0,35%"
"26/05/2023","2.993,11","2.966,10","3.003,46","2.965,18","","0,88%"
"25/05/2023","2.966,98","3.001,51","3.023,77","2.962,16","","-1,15%"
"24/05/2023","3.001,45","2.991,39","3.018,11","2.991,09","","0,33%"
"23/05/2023","2.991,69","2.996,96","3.004,75","2.977,38","","-0,14%"
"22/05/2023","2.995,93","2.984,72","3.004,82","2.972,90","","0,39%"
"19/05/2023","2.984,42","2.991,63","3.018,10","2.981,56","","-0,23%"
"18/05/2023","2.991,20","3.007,73","3.008,34","2.982,50","","-0,55%"
"17/05/2023","3.007,73","2.998,08","3.018,42","2.988,74","","0,32%"
"16/05/2023","2.998,14","3.023,83","3.033,79","2.990,27","","-0,86%"
"15/05/2023","3.024,14","3.002,72","3.028,35","2.998,58","","0,96%"
"12/05/2023","2.995,31","2.985,01","3.004,03","2.974,40","","0,36%"
"11/05/2023","2.984,47","2.976,38","2.988,17","2.952,56","","0,26%"
"10/05/2023","2.976,68","2.951,73","2.982,84","2.948,78","","0,81%"
"09/05/2023","2.952,62","2.933,02","2.960,69","2.922,84","","0,72%"
"08/05/2023","2.931,44","2.961,54","2.973,49","2.927,87","","-1,02%"
"05/05/2023","2.961,54","2.943,71","2.978,14","2.928,90","","0,60%"
"04/05/2023","2.944,01","2.938,12","2.952,78","2.914,39","","0,21%"
"03/05/2023","2.937,70","2.916,15","2.946,96","2.905,20","","0,74%"
"02/05/2023","2.916,15","2.939,00","2.948,01","2.908,59","","-0,78%"
"01/05/2023","2.939,00","2.939,94","2.939,94","2.938,82","","-0,02%"
"28/04/2023","2.939,47","2.952,93","2.952,93","2.920,73","","-0,46%"
"27/04/2023","2.952,93","2.939,54","2.958,04","2.910,80","","0,45%"
"26/04/2023","2.939,78","2.935,24","2.953,04","2.921,88","","0,06%"
"25/04/2023","2.938,15","2.947,13","2.950,42","2.918,22","","-0,29%"
"24/04/2023","2.946,55","2.939,02","2.947,54","2.917,24","","0,27%"
"21/04/2023","2.938,56","2.938,56","2.939,14","2.938,56","","0,00%"
"20/04/2023","2.938,56","2.923,39","2.946,55","2.917,24","","0,52%"
"19/04/2023","2.923,27","2.976,87","2.976,87","2.915,52","","-1,71%"
"18/04/2023","2.974,13","2.991,82","3.022,16","2.969,19","","-0,55%"
"17/04/2023","2.990,61","2.999,57","3.017,84","2.981,99","","-0,06%"
"14/04/2023","2.992,45","2.992,19","3.003,33","2.959,12","","-0,01%"
"13/04/2023","2.992,86","3.012,32","3.015,37","2.985,17","","-1,01%"
"12/04/2023","3.023,50","2.971,51","3.025,96","2.963,50","","1,74%"
"11/04/2023","2.971,80","2.940,28","2.982,52","2.933,57","","1,06%"
"10/04/2023","2.940,75","2.948,50","2.957,50","2.924,53","","-0,26%"
"07/04/2023","2.948,50","2.946,47","2.948,50","2.946,47","","0,06%"
"06/04/2023","2.946,82","2.963,26","2.972,49","2.932,73","","-0,55%"
"05/04/2023","2.963,26","2.937,06","2.974,13","2.936,07","","0,93%"
"04/04/2023","2.936,07","2.954,12","2.955,35","2.920,07","","-0,62%"
"03/04/2023","2.954,36","2.958,14","2.970,13","2.943,43","","-0,20%"
"31/03/2023","2.960,23","2.952,78","2.965,09","2.933,18","","0,23%"
"30/03/2023","2.953,30","2.931,56","2.965,82","2.914,96","","0,76%"
"29/03/2023","2.931,04","2.919,38","2.937,39","2.904,42","","0,41%"
"28/03/2023","2.919,09","2.915,04","2.930,04","2.897,73","","0,15%"
"27/03/2023","2.914,76","2.893,19","2.918,13","2.885,40","","0,95%"
"24/03/2023","2.887,47","2.895,54","2.895,54","2.835,70","","-0,23%"
"23/03/2023","2.894,18","2.928,93","2.948,41","2.893,19","","-1,12%"
"22/03/2023","2.927,03","2.924,63","2.947,34","2.904,97","","0,08%"
"21/03/2023","2.924,63","2.931,85","2.942,53","2.918,68","","-0,25%"
"20/03/2023","2.931,85","2.907,29","2.936,00","2.904,84","","0,91%"
"17/03/2023","2.905,30","2.939,66","2.940,73","2.901,84","","-1,14%"
"16/03/2023","2.938,93","2.904,20","2.943,94","2.894,12","","1,22%"
"15/03/2023","2.903,65","2.927,07","2.927,07","2.882,07","","-0,76%"
"14/03/2023","2.926,01","2.927,00","2.945,40","2.922,01","","-0,01%"
"13/03/2023","2.926,22","2.960,17","2.960,17","2.906,83","","-1,15%"
"10/03/2023","2.960,17","2.994,87","2.997,92","2.957,62","","-0,84%"
"09/03/2023","2.985,19","2.998,27","3.017,61","2.981,61","","-0,44%"
"08/03/2023","2.998,27","2.955,68","3.025,02","2.954,72","","1,44%"
"07/03/2023","2.955,68","2.966,40","2.980,95","2.947,28","","-0,36%"
"06/03/2023","2.966,40","2.946,44","2.967,72","2.930,07","","0,78%"
"03/03/2023","2.943,55","2.936,60","2.950,99","2.923,92","","0,24%"
"02/03/2023","2.936,60","2.940,21","2.950,25","2.920,87","","-0,12%"
"01/03/2023","2.940,21","2.910,91","2.943,05","2.905,94","","1,01%"
"28/02/2023","2.910,91","2.934,62","2.943,22","2.902,59","","-0,81%"
"27/02/2023","2.934,62","2.927,46","2.951,75","2.922,66","","0,48%"
"24/02/2023","2.920,74","2.955,26","2.963,40","2.918,56","","-1,17%"
"23/02/2023","2.955,26","2.949,62","2.971,80","2.933,45","","0,19%"
"22/02/2023","2.949,62","2.937,99","2.950,14","2.915,17","","0,40%"
"21/02/2023","2.937,99","2.932,24","2.940,38","2.931,27","","0,20%"
"20/02/2023","2.932,24","2.940,95","2.940,95","2.931,27","","-0,30%"
"17/02/2023","2.940,95","2.903,82","2.951,34","2.892,70","","1,28%"
"16/02/2023","2.903,82","2.911,88","2.915,72","2.880,42","","-0,28%"
"15/02/2023","2.911,88","2.918,24","2.928,71","2.899,93","","-0,22%"
"14/02/2023","2.918,24","2.943,51","2.954,88","2.897,59","","-0,86%"
"13/02/2023","2.943,51","2.906,39","2.945,28","2.905,18","","1,48%"
"10/02/2023","2.900,63","2.851,47","2.904,31","2.849,23","","1,72%"
"09/02/2023","2.851,47","2.901,94","2.917,13","2.850,56","","-1,74%"
"08/02/2023","2.901,94","2.905,34","2.921,93","2.877,10","","-0,12%"
"07/02/2023","2.905,34","2.940,32","2.949,43","2.900,99","","-0,63%"
"06/02/2023","2.923,81","2.911,10","2.927,33","2.886,40","","1,18%"
"03/02/2023","2.889,75","2.944,73","2.953,64","2.886,11","","-1,87%"
"02/02/2023","2.944,73","2.961,01","3.010,65","2.935,30","","-0,55%"
"01/02/2023","2.961,01","2.954,28","2.968,29","2.927,26","","0,26%"
"31/01/2023","2.953,29","2.924,51","2.954,86","2.913,90","","0,98%"
"30/01/2023","2.924,51","2.927,71","2.943,78","2.914,43","","-0,24%"
"27/01/2023","2.931,62","2.949,59","2.962,23","2.926,92","","-0,61%"
"26/01/2023","2.949,59","2.948,42","2.953,97","2.918,38","","0,04%"
"25/01/2023","2.948,42","2.895,80","2.951,45","2.895,80","","1,82%"
"24/01/2023","2.895,80","2.893,35","2.898,51","2.850,60","","0,08%"
"23/01/2023","2.893,35","2.893,40","2.918,39","2.885,87","","0,00%"
"20/01/2023","2.893,40","2.917,82","2.927,48","2.875,41","","-0,84%"
"19/01/2023","2.917,82","2.908,06","2.923,92","2.872,31","","0,34%"
"18/01/2023","2.908,06","2.971,85","2.977,73","2.906,27","","-2,15%"
"17/01/2023","2.971,85","2.932,95","2.974,71","2.916,44","","1,73%"
"16/01/2023","2.921,30","2.970,43","2.970,43","2.912,81","","-1,66%"
"13/01/2023","2.970,61","2.975,03","2.981,43","2.936,38","","-1,03%"
"12/01/2023","3.001,64","2.999,71","3.025,21","2.956,45","","0,06%"
"11/01/2023","2.999,71","2.994,12","3.000,29","2.956,91","","0,19%"
"10/01/2023","2.994,12","2.960,65","2.995,27","2.950,15","","1,10%"
"09/01/2023","2.961,60","2.977,19","2.981,02","2.931,15","","-0,97%"
"06/01/2023","2.990,59","2.915,79","2.994,77","2.910,34","","2,57%"
"05/01/2023","2.915,79","2.866,45","2.917,91","2.860,93","","1,62%"
"04/01/2023","2.869,21","2.845,70","2.872,49","2.841,14","","0,83%"
"03/01/2023","2.845,70","2.902,52","2.920,41","2.845,44","","-1,96%"
"02/01/2023","2.902,52","2.927,94","2.947,23","2.900,90","","-1,41%"
"30/12/2022","2.944,01","2.957,25","2.965,77","2.939,29","","-0,58%"
"29/12/2022","2.961,04","2.979,98","3.016,32","2.950,71","","-0,64%"
"28/12/2022","2.979,98","2.957,12","3.003,63","2.946,73","","0,74%"
"27/12/2022","2.958,07","2.994,65","3.014,44","2.952,82","","-1,22%"
"26/12/2022","2.994,65","3.016,58","3.031,36","2.992,93","","-0,76%"
"23/12/2022","3.017,69","3.015,00","3.046,71","3.009,65","","0,09%"
"22/12/2022","3.015,00","2.996,19","3.019,73","2.981,82","","0,63%"
"21/12/2022","2.996,19","2.997,73","3.020,70","2.984,72","","-0,12%"
"20/12/2022","2.999,65","2.945,84","3.013,68","2.928,86","","1,83%"
"19/12/2022","2.945,84","2.935,09","2.948,35","2.919,76","","0,40%"
"16/12/2022","2.934,15","2.939,68","2.963,14","2.923,92","","-0,16%"
"15/12/2022","2.938,74","2.952,82","2.962,29","2.919,24","","-0,48%"
"14/12/2022","2.952,82","2.937,12","2.955,84","2.901,17","","-0,14%"
"13/12/2022","2.956,95","2.935,04","2.986,06","2.933,52","","0,75%"
"12/12/2022","2.935,04","2.974,68","2.986,83","2.919,14","","-1,28%"
"09/12/2022","2.973,15","2.988,73","2.988,73","2.948,34","","-0,52%"
"08/12/2022","2.988,73","3.003,38","3.008,88","2.973,20","","-0,49%"
"07/12/2022","3.003,38","2.979,26","3.015,43","2.961,29","","0,71%"
"06/12/2022","2.982,12","2.928,20","2.992,07","2.928,20","","1,84%"
"05/12/2022","2.928,20","2.940,67","2.970,04","2.922,39","","-0,91%"
"02/12/2022","2.955,04","3.000,56","3.014,06","2.942,58","","-1,52%"
"01/12/2022","3.000,56","3.033,17","3.033,17","2.981,70","","-1,08%"
"30/11/2022","3.033,17","2.986,43","3.040,49","2.956,77","","1,57%"
"29/11/2022","2.986,43","2.929,39","2.986,72","2.923,80","","1,95%"